-- phpMyAdmin SQL Dump
-- version 5.2.1
-- https://www.phpmyadmin.net/
--
-- Хост: localhost
-- Время создания: Дек 05 2023 г., 14:33
-- Версия сервера: 5.7.42
-- Версия PHP: 7.4.33

SET SQL_MODE = "NO_AUTO_VALUE_ON_ZERO";
START TRANSACTION;
SET time_zone = "+00:00";


/*!40101 SET @OLD_CHARACTER_SET_CLIENT=@@CHARACTER_SET_CLIENT */;
/*!40101 SET @OLD_CHARACTER_SET_RESULTS=@@CHARACTER_SET_RESULTS */;
/*!40101 SET @OLD_COLLATION_CONNECTION=@@COLLATION_CONNECTION */;
/*!40101 SET NAMES utf8mb4 */;

--
-- База данных: `microblog`
--

-- --------------------------------------------------------

--
-- Структура таблицы `articles`
--

CREATE TABLE `articles` (
  `id` int(11) NOT NULL COMMENT 'ID',
  `title` varchar(100) COLLATE utf8mb4_unicode_520_ci NOT NULL COMMENT 'Title',
  `content` text COLLATE utf8mb4_unicode_520_ci NOT NULL COMMENT 'Content',
  `date` date NOT NULL COMMENT 'Data',
  `author_id` int(11) NOT NULL COMMENT 'Author ID',
  `status` varchar(10) COLLATE utf8mb4_unicode_520_ci DEFAULT NULL COMMENT 'Article Status',
  `access` varchar(10) COLLATE utf8mb4_unicode_520_ci DEFAULT NULL COMMENT 'Article Access',
  `category_id` int(11) DEFAULT NULL COMMENT 'Articlee Category ID'
) ENGINE=InnoDB DEFAULT CHARSET=utf8mb4 COLLATE=utf8mb4_unicode_520_ci;

--
-- Дамп данных таблицы `articles`
--

INSERT INTO `articles` (`id`, `title`, `content`, `date`, `author_id`, `status`, `access`, `category_id`) VALUES
(1, '01 Первая статья', '<h3>Контент 01</h3>\n<p >Вопреки тому, что можно было подумать, текст Lorem ipsum, несмотря на свою бессмысленность, имеет благородное происхождение. </p> \n<h3></h3>\n<p> Объективно составленный из не связанных между собой слов, Lorem ipsum своим существованием обязан <strong> Марко Туллио Цицероне </strong> и некоторые шаги его <em> De finibus bonorum et malorum </em> (Высшее добро и высшее зло), <strong> написанного в 45 г. до н.э. </strong>, классика латинской литературы, датируемого более чем 2000 лет назад. </p> <p> Открытие было сделано <strong> Ричардом МакКлинтоком </strong>, профессором латыни в <em> Хэмпден-Сиднейском колледже </em> в Вирджинии, который столкнулся со стремительным повторением темного слова <em> conctetur </em> в тексте Lorem ipsum исследовал его происхождение, чтобы идентифицировать его в разделах 1.10.32 и 1.10.33 вышеупомянутого философского труда Цицерона. </p> <p> Слова взяты из поэтому один из диалогов, содержащихся в <em> De finibus </em>, является частью самого известного бессмысленного текста в мире. </p> <p> Открытие, которое придает большее значение Lorem ipsum, который остается на гребне волны с 500 г., когда, по словам профессора Ричарда МакКлинтока, его использование распространилось среди печатников того времени. </p> <p> Конечно, мы знаем, что большинство людей узнало об этом благодаря рекламе шестидесятых годов, когда передаваемые листы символов Letraset: прозрачные клейкие листы, на которых был отпечатан текст Lorem ipsum, легко переносились на редакционные продукты. до появления компьютера.</p><h2>Генератор текста Lorem Ipsum безопасен для SEO!</h2>\n<p>С помощью нашего <strong> инструмента создания текста для заполнения </strong>, помимо настройки текста с помощью <strong> элементов HTML </strong>, у вас есть возможность создать новый, начиная непосредственно с вашего текста! </p> <p> Таким образом вы избежите <strong> индексации веб-сайта </strong> с помощью <strong> ключевых слов </strong>, содержащихся в классическом Lorem Ipsum. </p> <p> С помощью инструмента Lorem Ipzum , вы можете вставлять тексты непосредственно с ключевыми словами, которые будут использоваться для индексации вашего веб-сайта. Попробуйте!</p>', '2023-05-01', 1, 'published', 'all', 2),
(2, '02 Вторая Статья', '<h3>Контент 02 </h3>\n<p >Вопреки тому, что можно было подумать, текст Lorem ipsum, несмотря на свою бессмысленность, имеет благородное происхождение. </p> \n<h3></h3>\n<p> Объективно составленный из не связанных между собой слов, Lorem ipsum своим существованием обязан <strong> Марко Туллио Цицероне </strong> и некоторые шаги его <em> De finibus bonorum et malorum </em> (Высшее добро и высшее зло), <strong> написанного в 45 г. до н.э. </strong>, классика латинской литературы, датируемого более чем 2000 лет назад. </p> <p> Открытие было сделано <strong> Ричардом МакКлинтоком </strong>, профессором латыни в <em> Хэмпден-Сиднейском колледже </em> в Вирджинии, который столкнулся со стремительным повторением темного слова <em> conctetur </em> в тексте Lorem ipsum исследовал его происхождение, чтобы идентифицировать его в разделах 1.10.32 и 1.10.33 вышеупомянутого философского труда Цицерона. </p> <p> Слова взяты из поэтому один из диалогов, содержащихся в <em> De finibus </em>, является частью самого известного бессмысленного текста в мире. </p> <p> Открытие, которое придает большее значение Lorem ipsum, который остается на гребне волны с 500 г., когда, по словам профессора Ричарда МакКлинтока, его использование распространилось среди печатников того времени. </p> <p> Конечно, мы знаем, что большинство людей узнало об этом благодаря рекламе шестидесятых годов, когда передаваемые листы символов Letraset: прозрачные клейкие листы, на которых был отпечатан текст Lorem ipsum, легко переносились на редакционные продукты. до появления компьютера.</p><h2>Генератор текста Lorem Ipsum безопасен для SEO!</h2>\n<p>С помощью нашего <strong> инструмента создания текста для заполнения </strong>, помимо настройки текста с помощью <strong> элементов HTML </strong>, у вас есть возможность создать новый, начиная непосредственно с вашего текста! </p> <p> Таким образом вы избежите <strong> индексации веб-сайта </strong> с помощью <strong> ключевых слов </strong>, содержащихся в классическом Lorem Ipsum. </p> <p> С помощью инструмента Lorem Ipzum , вы можете вставлять тексты непосредственно с ключевыми словами, которые будут использоваться для индексации вашего веб-сайта. Попробуйте!</p>', '2023-06-03', 4, 'published', 'all', 1),
(3, '03 Третья Статья', '<h3>Контент 03 </h3>\n<p >Вопреки тому, что можно было подумать, текст Lorem ipsum, несмотря на свою бессмысленность, имеет благородное происхождение. </p> \n<h3></h3>\n<p> Объективно составленный из не связанных между собой слов, Lorem ipsum своим существованием обязан <strong> Марко Туллио Цицероне </strong> и некоторые шаги его <em> De finibus bonorum et malorum </em> (Высшее добро и высшее зло), <strong> написанного в 45 г. до н.э. </strong>, классика латинской литературы, датируемого более чем 2000 лет назад. </p> <p> Открытие было сделано <strong> Ричардом МакКлинтоком </strong>, профессором латыни в <em> Хэмпден-Сиднейском колледже </em> в Вирджинии, который столкнулся со стремительным повторением темного слова <em> conctetur </em> в тексте Lorem ipsum исследовал его происхождение, чтобы идентифицировать его в разделах 1.10.32 и 1.10.33 вышеупомянутого философского труда Цицерона. </p> <p> Слова взяты из поэтому один из диалогов, содержащихся в <em> De finibus </em>, является частью самого известного бессмысленного текста в мире. </p> <p> Открытие, которое придает большее значение Lorem ipsum, который остается на гребне волны с 500 г., когда, по словам профессора Ричарда МакКлинтока, его использование распространилось среди печатников того времени. </p> <p> Конечно, мы знаем, что большинство людей узнало об этом благодаря рекламе шестидесятых годов, когда передаваемые листы символов Letraset: прозрачные клейкие листы, на которых был отпечатан текст Lorem ipsum, легко переносились на редакционные продукты. до появления компьютера.</p><h2>Генератор текста Lorem Ipsum безопасен для SEO!</h2>\n<p>С помощью нашего <strong> инструмента создания текста для заполнения </strong>, помимо настройки текста с помощью <strong> элементов HTML </strong>, у вас есть возможность создать новый, начиная непосредственно с вашего текста! </p> <p> Таким образом вы избежите <strong> индексации веб-сайта </strong> с помощью <strong> ключевых слов </strong>, содержащихся в классическом Lorem Ipsum. </p> <p> С помощью инструмента Lorem Ipzum , вы можете вставлять тексты непосредственно с ключевыми словами, которые будут использоваться для индексации вашего веб-сайта. Попробуйте!</p>', '2023-07-11', 1, 'draft', 'all', 3),
(4, '04 Четвёртая Статья', '<h3>Контент Четвёртой </h3><p >Вопреки тому, что можно было подумать, текст Lorem ipsum, несмотря на свою бессмысленность, имеет благородное происхождение. </p> \n<h3></h3><p> Объективно составленный из не связанных между собой слов, Lorem ipsum своим существованием обязан <strong> Марко Туллио Цицероне </strong> и некоторые шаги его <em> De finibus bonorum et malorum </em> (Высшее добро и высшее зло), <strong> написанного в 45 г. до н.э. </strong>, классика латинской литературы, датируемого более чем 2000 лет назад. </p> <p> Открытие было сделано <strong> Ричардом МакКлинтоком </strong>, профессором латыни в <em> Хэмпден-Сиднейском колледже </em> в Вирджинии, который столкнулся со стремительным повторением темного слова <em> conctetur </em> в тексте Lorem ipsum исследовал его происхождение, чтобы идентифицировать его в разделах 1.10.32 и 1.10.33 вышеупомянутого философского труда Цицерона. </p> <p> Слова взяты из поэтому один из диалогов, содержащихся в <em> De finibus </em>, является частью самого известного бессмысленного текста в мире. </p> <p> Открытие, которое придает большее значение Lorem ipsum, который остается на гребне волны с 500 г., когда, по словам профессора Ричарда МакКлинтока, его использование распространилось среди печатников того времени. </p> <p> Конечно, мы знаем, что большинство людей узнало об этом благодаря рекламе шестидесятых годов, когда передаваемые листы символов Letraset: прозрачные клейкие листы, на которых был отпечатан текст Lorem ipsum, легко переносились на редакционные продукты. до появления компьютера.</p><h2>Генератор текста Lorem Ipsum безопасен для SEO!</h2>\n<p>С помощью нашего <strong> инструмента создания текста для заполнения </strong>, помимо настройки текста с помощью <strong> элементов HTML </strong>, у вас есть возможность создать новый, начиная непосредственно с вашего текста! </p> <p> Таким образом вы избежите <strong> индексации веб-сайта </strong> с помощью <strong> ключевых слов </strong>, содержащихся в классическом Lorem Ipsum. </p> <p> С помощью инструмента Lorem Ipzum , вы можете вставлять тексты непосредственно с ключевыми словами, которые будут использоваться для индексации вашего веб-сайта. Попробуйте!</p>', '2023-11-15', 1, 'published', 'all', 4),
(5, '05 Статья (vip)', 'Контент 05 Статьи', '2023-11-15', 1, 'published', 'vip', 5),
(6, '06 Статья', '<p>Контент 06 Статьи</p>', '2023-11-16', 1, 'draft', 'vip', 6),
(7, '07 Статья', '<p>Контент 07 Статьи</p>', '2023-11-17', 1, 'published', 'all', 7),
(8, '08 Статья', 'Контент 08 Статьи', '2023-11-18', 1, 'deleted', 'all', 8),
(9, '09 Статья', 'Контент 09 Статьи', '2023-11-19', 1, 'deleted', 'all', 8),
(11, '11 Статья', 'Контент 11 Статьи', '2023-11-20', 4, 'published', 'all', 1),
(12, '12 Статья (vip)', 'Контент 12 Статьи', '2023-11-22', 1, 'published', 'vip', 7),
(14, '14 Много текста', '<p>This blog post shows a few different types of content that\'s supported and styled with Bootstrap. Basic typography, images, and code are all supported.</p>\n<hr>\n<p>Cum sociis natoque penatibus et magnis <a href=\"#\">dis parturient montes</a>, nascetur ridiculus mus. Aenean eu leo quam. Pellentesque ornare sem lacinia quam venenatis vestibulum. Sed posuere consectetur est at lobortis. Cras mattis consectetur purus sit amet fermentum.</p>\n<blockquote>\n	<p>Curabitur blandit tempus porttitor. <strong>Nullam quis risus eget urna mollis</strong> ornare vel eu leo. Nullam id dolor id nibh ultricies vehicula ut id elit.</p>\n</blockquote>\n<p>Etiam porta <em>sem malesuada magna</em> mollis euismod. Cras mattis consectetur purus sit amet fermentum. Aenean lacinia bibendum nulla sed consectetur.</p>\n<h2>Heading</h2>\n<p>Vivamus sagittis lacus vel augue laoreet rutrum faucibus dolor auctor. Duis mollis, est non commodo luctus, nisi erat porttitor ligula, eget lacinia odio sem nec elit. Morbi leo risus, porta ac consectetur ac, vestibulum at eros.</p>\n<h3>Sub-heading</h3>\n<p>Cum sociis natoque penatibus et magnis dis parturient montes, nascetur ridiculus mus.</p>\n<pre><code>Example code block</code></pre>\n<p>Aenean lacinia bibendum nulla sed consectetur. Etiam porta sem malesuada magna mollis euismod. Fusce dapibus, tellus ac cursus commodo, tortor mauris condimentum nibh, ut fermentum massa.</p>\n<h3>Sub-heading</h3>\n<p>Cum sociis natoque penatibus et magnis dis parturient montes, nascetur ridiculus mus. Aenean lacinia bibendum nulla sed consectetur. Etiam porta sem malesuada magna mollis euismod. Fusce dapibus, tellus ac cursus commodo, tortor mauris condimentum nibh, ut fermentum massa justo sit amet risus.</p>\n<ul>\n	<li>Praesent commodo cursus magna, vel scelerisque nisl consectetur et.</li>\n	<li>Donec id elit non mi porta gravida at eget metus.</li>\n	<li>Nulla vitae elit libero, a pharetra augue.</li>\n</ul>\n<p>Donec ullamcorper nulla non metus auctor fringilla. Nulla vitae elit libero, a pharetra augue.</p>\n<ol>\n	<li>Vestibulum id ligula porta felis euismod semper.</li>\n	<li>Cum sociis natoque penatibus et magnis dis parturient montes, nascetur ridiculus mus.</li>\n	<li>Maecenas sed diam eget risus varius blandit sit amet non magna.</li>\n</ol>\n<p>Cras mattis consectetur purus sit amet fermentum. Sed posuere consectetur est at lobortis.</p>\n', '2023-12-01', 1, 'published', 'vip', 7),
(15, '15 Текста много', '<p>This blog post shows a few different types of content that\'s supported and styled with Bootstrap. Basic typography, images, and code are all supported.</p>\r\n<hr>\r\n<p>Cum sociis natoque penatibus et magnis <a href=\"#\">dis parturient montes</a>, nascetur ridiculus mus. Aenean eu leo quam. Pellentesque ornare sem lacinia quam venenatis vestibulum. Sed posuere consectetur est at lobortis. Cras mattis consectetur purus sit amet fermentum.</p>\r\n<blockquote>\r\n<p>Curabitur blandit tempus porttitor. <strong>Nullam quis risus eget urna mollis</strong> ornare vel eu leo. Nullam id dolor id nibh ultricies vehicula ut id elit.</p>\r\n</blockquote>\r\n<p>Etiam porta <em>sem malesuada magna</em> mollis euismod. Cras mattis consectetur purus sit amet fermentum. Aenean lacinia bibendum nulla sed consectetur.</p>\r\n<h2>Heading</h2>\r\n<p>Vivamus sagittis lacus vel augue laoreet rutrum faucibus dolor auctor. Duis mollis, est non commodo luctus, nisi erat porttitor ligula, eget lacinia odio sem nec elit. Morbi leo risus, porta ac consectetur ac, vestibulum at eros.</p>\r\n<h3>Sub-heading</h3>\r\n<p>Cum sociis natoque penatibus et magnis dis parturient montes, nascetur ridiculus mus.</p>\r\n<pre><code>Example code block</code></pre>\r\n<p>Aenean lacinia bibendum nulla sed consectetur. Etiam porta sem malesuada magna mollis euismod. Fusce dapibus, tellus ac cursus commodo, tortor mauris condimentum nibh, ut fermentum massa.</p>\r\n<h3>Sub-heading</h3>\r\n<p>Cum sociis natoque penatibus et magnis dis parturient montes, nascetur ridiculus mus. Aenean lacinia bibendum nulla sed consectetur. Etiam porta sem malesuada magna mollis euismod. Fusce dapibus, tellus ac cursus commodo, tortor mauris condimentum nibh, ut fermentum massa justo sit amet risus.</p>\r\n<ul>\r\n<li>Praesent commodo cursus magna, vel scelerisque nisl consectetur et.</li>\r\n<li>Donec id elit non mi porta gravida at eget metus.</li>\r\n<li>Nulla vitae elit libero, a pharetra augue.</li>\r\n</ul>\r\n<p>Donec ullamcorper nulla non metus auctor fringilla. Nulla vitae elit libero, a pharetra augue.</p>\r\n<ol>\r\n<li>Vestibulum id ligula porta felis euismod semper.</li>\r\n<li>Cum sociis natoque penatibus et magnis dis parturient montes, nascetur ridiculus mus.</li>\r\n<li>Maecenas sed diam eget risus varius blandit sit amet non magna.</li>\r\n</ol>\r\n<p>Cras mattis consectetur purus sit amet fermentum. Sed posuere consectetur est at lobortis.</p>', '2023-12-01', 1, 'deleted', 'all', 7),
(16, '16 aaa4 не публ', '<p>Вопреки тому, что можно было подумать, текст Lorem ipsum, несмотря на свою бессмысленность, имеет благородное происхождение.</p>\r\n<p>Объективно составленный из не связанных между собой слов, Lorem ipsum своим существованием обязан <strong> Марко Туллио Цицероне </strong> и некоторые шаги его <em> De finibus bonorum et malorum </em> (Высшее добро и высшее зло), <strong> написанного в 45 г. до н.э. </strong>, классика латинской литературы, датируемого более чем 2000 лет назад.</p>\r\n<p>Открытие было сделано <strong> Ричардом МакКлинтоком </strong>, профессором латыни в <em> Хэмпден-Сиднейском колледже </em> в Вирджинии, который столкнулся со стремительным повторением темного слова <em> conctetur </em> в тексте Lorem ipsum исследовал его происхождение, чтобы идентифицировать его в разделах 1.10.32 и 1.10.33 вышеупомянутого философского труда Цицерона.</p>\r\n<p>Слова взяты из поэтому один из диалогов, содержащихся в <em> De finibus </em>, является частью самого известного бессмысленного текста в мире.</p>\r\n<p>Открытие, которое придает большее значение Lorem ipsum, который остается на гребне волны с 500 г., когда, по словам профессора Ричарда МакКлинтока, его использование распространилось среди печатников того времени.</p>\r\n<p>Конечно, мы знаем, что большинство людей узнало об этом благодаря рекламе шестидесятых годов, когда передаваемые листы символов Letraset: прозрачные клейкие листы, на которых был отпечатан текст Lorem ipsum, легко переносились на редакционные продукты. до появления компьютера.</p>', '2023-12-01', 1, 'draft', 'all', 6),
(17, '17 qqqq', '<p >Вопреки тому, что можно было подумать, текст Lorem ipsum, несмотря на свою бессмысленность, имеет благородное происхождение. </p> <p> Объективно составленный из не связанных между собой слов, Lorem ipsum своим существованием обязан <strong> Марко Туллио Цицероне </strong> и некоторые шаги его <em> De finibus bonorum et malorum </em> (Высшее добро и высшее зло), <strong> написанного в 45 г. до н.э. </strong>, классика латинской литературы, датируемого более чем 2000 лет назад. </p> <p> Открытие было сделано <strong> Ричардом МакКлинтоком </strong>, профессором латыни в <em> Хэмпден-Сиднейском колледже </em> в Вирджинии, который столкнулся со стремительным повторением темного слова <em> conctetur </em> в тексте Lorem ipsum исследовал его происхождение, чтобы идентифицировать его в разделах 1.10.32 и 1.10.33 вышеупомянутого философского труда Цицерона. </p> <p> Слова взяты из поэтому один из диалогов, содержащихся в <em> De finibus </em>, является частью самого известного бессмысленного текста в мире. </p> <p> Открытие, которое придает большее значение Lorem ipsum, который остается на гребне волны с 500 г., когда, по словам профессора Ричарда МакКлинтока, его использование распространилось среди печатников того времени. </p> <p> Конечно, мы знаем, что большинство людей узнало об этом благодаря рекламе шестидесятых годов, когда передаваемые листы символов Letraset: прозрачные клейкие листы, на которых был отпечатан текст Lorem ipsum, легко переносились на редакционные продукты. до появления компьютера.</p>', '2023-12-01', 1, 'published', 'all', 5),
(18, '18 пост про jquery', 'jquery <p >Вопреки тому, что можно было подумать, текст Lorem ipsum, несмотря на свою бессмысленность, имеет благородное происхождение. </p> <p> Объективно составленный из не связанных между собой слов, Lorem ipsum своим существованием обязан <strong> Марко Туллио Цицероне </strong> и некоторые шаги его <em> De finibus bonorum et malorum </em> (Высшее добро и высшее зло), <strong> написанного в 45 г. до н.э. </strong>, классика латинской литературы, датируемого более чем 2000 лет назад. </p> <p> Открытие было сделано <strong> Ричардом МакКлинтоком </strong>, профессором латыни в <em> Хэмпден-Сиднейском колледже </em> в Вирджинии, который столкнулся со стремительным повторением темного слова <em> conctetur </em> в тексте Lorem ipsum исследовал его происхождение, чтобы идентифицировать его в разделах 1.10.32 и 1.10.33 вышеупомянутого философского труда Цицерона. </p> <p> Слова взяты из поэтому один из диалогов, содержащихся в <em> De finibus </em>, является частью самого известного бессмысленного текста в мире. </p> <p> Открытие, которое придает большее значение Lorem ipsum, который остается на гребне волны с 500 г., когда, по словам профессора Ричарда МакКлинтока, его использование распространилось среди печатников того времени. </p> <p> Конечно, мы знаем, что большинство людей узнало об этом благодаря рекламе шестидесятых годов, когда передаваемые листы символов Letraset: прозрачные клейкие листы, на которых был отпечатан текст Lorem ipsum, легко переносились на редакционные продукты. до появления компьютера.</p>', '2023-11-26', 1, 'published', 'vip', 6),
(19, '19 mikrotik post', 'mikrotik <p >Вопреки тому, что можно было подумать, текст Lorem ipsum, несмотря на свою бессмысленность, имеет благородное происхождение. </p> <p> Объективно составленный из не связанных между собой слов, Lorem ipsum своим существованием обязан <strong> Марко Туллио Цицероне </strong> и некоторые шаги его <em> De finibus bonorum et malorum </em> (Высшее добро и высшее зло), <strong> написанного в 45 г. до н.э. </strong>, классика латинской литературы, датируемого более чем 2000 лет назад. </p> <p> Открытие было сделано <strong> Ричардом МакКлинтоком </strong>, профессором латыни в <em> Хэмпден-Сиднейском колледже </em> в Вирджинии, который столкнулся со стремительным повторением темного слова <em> conctetur </em> в тексте Lorem ipsum исследовал его происхождение, чтобы идентифицировать его в разделах 1.10.32 и 1.10.33 вышеупомянутого философского труда Цицерона. </p> <p> Слова взяты из поэтому один из диалогов, содержащихся в <em> De finibus </em>, является частью самого известного бессмысленного текста в мире. </p> <p> Открытие, которое придает большее значение Lorem ipsum, который остается на гребне волны с 500 г., когда, по словам профессора Ричарда МакКлинтока, его использование распространилось среди печатников того времени. </p> <p> Конечно, мы знаем, что большинство людей узнало об этом благодаря рекламе шестидесятых годов, когда передаваемые листы символов Letraset: прозрачные клейкие листы, на которых был отпечатан текст Lorem ipsum, легко переносились на редакционные продукты. до появления компьютера.</p>', '2023-11-26', 1, 'draft', 'all', 3),
(20, '20 php new post', 'php new post content...\n<p >Вопреки тому, что можно было подумать, текст Lorem ipsum, несмотря на свою бессмысленность, имеет благородное происхождение. </p> <p> Объективно составленный из не связанных между собой слов, Lorem ipsum своим существованием обязан <strong> Марко Туллио Цицероне </strong> и некоторые шаги его <em> De finibus bonorum et malorum </em> (Высшее добро и высшее зло), <strong> написанного в 45 г. до н.э. </strong>, классика латинской литературы, датируемого более чем 2000 лет назад. </p> <p> Открытие было сделано <strong> Ричардом МакКлинтоком </strong>, профессором латыни в <em> Хэмпден-Сиднейском колледже </em> в Вирджинии, который столкнулся со стремительным повторением темного слова <em> conctetur </em> в тексте Lorem ipsum исследовал его происхождение, чтобы идентифицировать его в разделах 1.10.32 и 1.10.33 вышеупомянутого философского труда Цицерона. </p> <p> Слова взяты из поэтому один из диалогов, содержащихся в <em> De finibus </em>, является частью самого известного бессмысленного текста в мире. </p> <p> Открытие, которое придает большее значение Lorem ipsum, который остается на гребне волны с 500 г., когда, по словам профессора Ричарда МакКлинтока, его использование распространилось среди печатников того времени. </p> <p> Конечно, мы знаем, что большинство людей узнало об этом благодаря рекламе шестидесятых годов, когда передаваемые листы символов Letraset: прозрачные клейкие листы, на которых был отпечатан текст Lorem ipsum, легко переносились на редакционные продукты. до появления компьютера.</p>', '2023-11-27', 4, 'published', 'all', 1),
(21, 'WYSIWYG HTML editor', '<p style=\"text-align: center;\"><strong>Оставь меня старого.</strong><br><strong><span style=\"color: rgb(186, 55, 42);\">Анимэ</span> доброе, хочу смотреть Я!</strong><br><span style=\"color: rgb(35, 111, 161);\"><em>::..NK.MD..::</em></span></p>\r\n<p style=\"text-align: center;\">&nbsp;</p>\r\n<p style=\"text-align: center;\"><img src=\"https://www.shutterstock.com/image-vector/manga-eyes-looking-paper-tear-260nw-1523804378.jpg\" alt=\"\" width=\"693\" height=\"280\"></p>', '2023-12-04', 1, 'published', 'vip', 1),
(22, 'www', '<div id=\"output\" class=\"page-generator__output js-generator-output\">\r\n<p><strong>Lorem </strong>ipsum dolor sit amet, consectetur adipiscing elit, sed do eiusmod tempor incididunt ut labore et dolore magna aliqua. Venenatis lectus magna fringilla urna. Eleifend quam adipiscing vitae proin sagittis nisl rhoncus mattis rhoncus. Mollis nunc sed id semper risus. Aliquam nulla facilisi cras fermentum odio eu feugiat pretium. Nibh praesent tristique magna sit amet. Ut venenatis tellus in metus vulputate eu scelerisque felis. Mattis enim ut tellus elementum sagittis vitae et leo. Elementum curabitur vitae nunc sed. Cursus euismod quis viverra nibh cras pulvinar. Vitae et leo duis ut. Feugiat scelerisque varius morbi enim nunc. Gravida cum sociis natoque penatibus et. Ut sem nulla pharetra diam sit amet nisl suscipit. Dui faucibus in ornare quam viverra orci sagittis eu volutpat. Lacinia quis vel eros donec ac odio tempor orci dapibus. Ullamcorper dignissim cras tincidunt lobortis feugiat vivamus at augue. Arcu dictum varius duis at. Consectetur adipiscing elit pellentesque habitant. Mi ipsum faucibus vitae aliquet nec.</p>\r\n<p><span style=\"font-family: terminal, monaco, monospace; color: rgb(149, 165, 166);\">Et leo duis ut diam quam. In nisl nisi scelerisque eu. Sed lectus vestibulum mattis ullamcorper. Ipsum dolor sit amet consectetur. Et ultrices neque ornare aenean euismod elementum nisi quis. Pellentesque nec nam aliquam sem et tortor consequat id. Pellentesque dignissim enim sit amet venenatis urna cursus eget. Ut sem viverra aliquet eget sit amet. Mi proin sed libero enim sed. Malesuada fames ac turpis egestas. Cursus risus at ultrices mi. In nulla posuere sollicitudin aliquam ultrices sagittis orci. Sed euismod nisi porta lorem mollis aliquam ut porttitor. Tellus cras adipiscing enim eu turpis egestas pretium. Etiam erat velit scelerisque in dictum.</span></p>\r\n<p><strong>Scelerisque</strong> in dictum non consectetur a erat nam. Vitae tempus quam pellentesque nec nam. Sodales ut eu sem integer. Diam maecenas ultricies mi eget mauris. Dolor sit amet consectetur adipiscing elit pellentesque habitant. Viverra justo nec ultrices dui sapien eget mi. Id neque aliquam vestibulum morbi. Consectetur adipiscing elit duis tristique sollicitudin nibh sit amet. Faucibus purus in massa tempor nec feugiat nisl pretium fusce. At augue eget arcu dictum varius duis at. Aliquet nec ullamcorper sit amet risus nullam eget felis eget.</p>\r\n<p>Blandit turpis cursus in hac habitasse platea dictumst quisque. Lobortis mattis aliquam faucibus purus in massa tempor. Id aliquet risus feugiat in ante metus dictum. Sed vulputate odio ut enim blandit volutpat. Mauris sit amet massa vitae. Lectus quam id leo in vitae turpis. Mauris vitae ultricies leo integer malesuada nunc vel risus. Viverra maecenas accumsan lacus vel facilisis volutpat. Non diam phasellus vestibulum lorem sed risus ultricies tristique nulla. Aliquet risus feugiat in ante metus. Risus commodo viverra maecenas accumsan lacus vel facilisis volutpat est. Nullam vehicula ipsum a arcu.</p>\r\n<p>Sed viverra tellus in hac. Maecenas sed enim ut sem viverra. Et tortor at risus viverra adipiscing at in tellus. Nulla pharetra diam sit amet nisl suscipit adipiscing bibendum est. Adipiscing elit ut aliquam purus sit amet. Facilisis leo vel fringilla est ullamcorper eget nulla. Convallis convallis tellus id interdum velit laoreet id donec ultrices. At imperdiet dui accumsan sit amet. In mollis nunc sed id semper risus in hendrerit gravida. Faucibus pulvinar elementum integer enim neque.</p>\r\n</div>', '2023-12-02', 4, 'draft', 'vip', 10),
(24, 'новая статья', '<p>Есть много вариантов <strong><span style=\"color: rgb(35, 111, 161);\">Lorem Ipsum</span>,</strong> но большинство из них имеет не всегда приемлемые модификации, например, юмористические вставки или слова, которые даже отдалённо не напоминают латынь. Если вам нужен Lorem Ipsum для серьёзного проекта, вы наверняка не хотите какой-нибудь шутки, скрытой в середине абзаца. Также все другие известные генераторы Lorem Ipsum используют один и тот же текст, который они просто повторяют, пока не достигнут нужный объём. Это делает предлагаемый здесь генератор единственным настоящим Lorem Ipsum генератором. Он использует словарь из более чем 200 латинских слов, а также набор моделей предложений. В результате сгенерированный Lorem Ipsum выглядит правдоподобно, не имеет повторяющихся абзацей или \"невозможных\" слов.<br><br></p>\r\n<p>Есть много вариантов Lorem Ipsum, но большинство из них имеет не всегда приемлемые модификации, например, юмористические вставки или слова, которые даже отдалённо не напоминают латынь. Если вам нужен Lorem Ipsum для серьёзного проекта, вы наверняка не хотите какой-нибудь шутки, скрытой в середине абзаца. Также все другие известные генераторы Lorem Ipsum используют один и тот же текст, который они просто повторяют, пока не достигнут нужный объём. Это делает предлагаемый здесь генератор единственным настоящим Lorem Ipsum генератором. Он использует словарь из более чем 200 латинских слов, а также набор моделей предложений. В результате сгенерированный Lorem Ipsum выглядит правдоподобно, не имеет повторяющихся абзацей или \"невозможных\" слов.</p>\r\n<p>&nbsp;</p>', '2023-12-04', 1, 'published', 'vip', 9),
(25, 'Очередная левая статья', '<div>\r\n<h2>Почему он используется?</h2>\r\n<p><span style=\"color: rgb(224, 62, 45);\">Давно</span> выяснено, что при оценке дизайна и композиции читаемый текст мешает сосредоточиться. Lorem Ipsum используют потому, что тот обеспечивает более или менее стандартное заполнение шаблона, а также реальное распределение букв и пробелов в абзацах, которое не получается при простой дубликации \"Здесь ваш текст.. Здесь ваш текст.. Здесь ваш текст..\" Многие программы электронной вёрстки и редакторы HTML используют Lorem Ipsum в качестве текста по умолчанию, так что поиск по ключевым словам \"lorem ipsum\" сразу показывает, как много веб-страниц всё ещё дожидаются своего настоящего рождения. За прошедшие годы текст Lorem Ipsum получил много версий. Некоторые версии появились по ошибке, некоторые - намеренно (например, юмористические варианты).</p>\r\n<p>&nbsp;</p>\r\n<h2>Где его взять?</h2>\r\n<p>Есть много вариантов Lorem Ipsum, но большинство из них имеет не всегда приемлемые модификации, например, юмористические вставки или слова, которые даже отдалённо не напоминают латынь. Если вам нужен Lorem Ipsum для серьёзного проекта, вы наверняка не хотите какой-нибудь шутки, скрытой в середине абзаца. Также все другие известные генераторы Lorem Ipsum используют один и тот же текст, который они просто повторяют, пока не достигнут нужный объём. Это делает предлагаемый здесь генератор единственным настоящим Lorem Ipsum генератором. Он использует словарь из более чем 200 латинских слов, а также набор моделей предложений. В результате сгенерированный Lorem Ipsum выглядит правдоподобно, не имеет повторяющихся абзацей или \"невозможных\" слов.</p>\r\n<form action=\"/feed/html\" method=\"post\"></form></div>', '2023-12-05', 1, 'published', 'vip', 1);

-- --------------------------------------------------------

--
-- Структура таблицы `category`
--

CREATE TABLE `category` (
  `id` int(11) NOT NULL COMMENT 'Category ID',
  `name` varchar(100) COLLATE utf8mb4_unicode_520_ci NOT NULL COMMENT 'Category Name',
  `slug` varchar(100) COLLATE utf8mb4_unicode_520_ci NOT NULL COMMENT 'Category Slug'
) ENGINE=InnoDB DEFAULT CHARSET=utf8mb4 COLLATE=utf8mb4_unicode_520_ci;

--
-- Дамп данных таблицы `category`
--

INSERT INTO `category` (`id`, `name`, `slug`) VALUES
(1, 'Uncategorized', 'uncategorized'),
(2, '2 FreeBSD', 'freebsd'),
(3, '3 Windows', 'windows'),
(4, '4 PHP', 'php'),
(5, '5 MikroTik', 'mikrotik'),
(6, '6 JavaScript', 'javascript'),
(7, '7 Css', 'css'),
(8, '8 JQuery', 'jquery'),
(9, 'Linux', 'linux'),
(10, 'Symfony', 'symfony');

-- --------------------------------------------------------

--
-- Структура таблицы `users`
--

CREATE TABLE `users` (
  `id` int(100) NOT NULL,
  `name` varchar(65) COLLATE utf8mb4_unicode_520_ci NOT NULL COMMENT 'Full User Name',
  `login` varchar(25) COLLATE utf8mb4_unicode_520_ci NOT NULL COMMENT 'User Login',
  `pass` varchar(25) COLLATE utf8mb4_unicode_520_ci NOT NULL COMMENT 'Passwords',
  `role` varchar(10) COLLATE utf8mb4_unicode_520_ci NOT NULL COMMENT 'Role'
) ENGINE=InnoDB DEFAULT CHARSET=utf8mb4 COLLATE=utf8mb4_unicode_520_ci;

--
-- Дамп данных таблицы `users`
--

INSERT INTO `users` (`id`, `name`, `login`, `pass`, `role`) VALUES
(1, 'Nikolay Ivanovich Makartov', 'nikolay', '123', 'admin'),
(2, 'Vasiliy Vasilevich Vasiliev', 'vasiliy', 'pass', 'vip'),
(3, 'Petr Petrovich Petrov', 'petr', '123', 'vip'),
(4, 'Admin Adminich Adminov', 'aaa', '123', 'admin');

--
-- Индексы сохранённых таблиц
--

--
-- Индексы таблицы `articles`
--
ALTER TABLE `articles`
  ADD PRIMARY KEY (`id`);

--
-- Индексы таблицы `category`
--
ALTER TABLE `category`
  ADD PRIMARY KEY (`id`);

--
-- Индексы таблицы `users`
--
ALTER TABLE `users`
  ADD PRIMARY KEY (`id`);

--
-- AUTO_INCREMENT для сохранённых таблиц
--

--
-- AUTO_INCREMENT для таблицы `articles`
--
ALTER TABLE `articles`
  MODIFY `id` int(11) NOT NULL AUTO_INCREMENT COMMENT 'ID', AUTO_INCREMENT=26;

--
-- AUTO_INCREMENT для таблицы `category`
--
ALTER TABLE `category`
  MODIFY `id` int(11) NOT NULL AUTO_INCREMENT COMMENT 'Category ID', AUTO_INCREMENT=11;

--
-- AUTO_INCREMENT для таблицы `users`
--
ALTER TABLE `users`
  MODIFY `id` int(100) NOT NULL AUTO_INCREMENT, AUTO_INCREMENT=5;
COMMIT;

/*!40101 SET CHARACTER_SET_CLIENT=@OLD_CHARACTER_SET_CLIENT */;
/*!40101 SET CHARACTER_SET_RESULTS=@OLD_CHARACTER_SET_RESULTS */;
/*!40101 SET COLLATION_CONNECTION=@OLD_COLLATION_CONNECTION */;
